<?xml version="1.0" encoding="utf-8"?>
<modification>
    <name>BOG GE payment module</name>
    <code>bog_ge</code>
    <version>1.1</version>
    <author>Mixas</author>
    <link>http://www.fastjml.com/</link>    
    <file path="admin/controller/sale/order.php">
   <operation >
			<search  error="log"><![CDATA[$data['button_history_add'] = $this->language->get('button_history_add');]]></search>
			<add position="after"><![CDATA[  
			 $this->load->model('extension/payment/bog_ge');	
             $data['bog_order']=$this->model_extension_payment_bog_ge->getOrder($order_id); 
			 ]]></add>
		</operation>
    </file>
    <file path="admin/view/template/sale/order_info.tpl">
   <operation >
			<search   position="replace"  error="log" ><![CDATA[<td><?php echo $payment_method; ?></td>]]></search>
			<add position="after"><![CDATA[ 			
			</tr>
			<?php if ($bog_order) { ?>
               <tr>
                <td><?php if(version_compare(VERSION, '2.1.0.1', '>=')) { ?><button data-toggle="tooltip" title="BOG order ID" class="btn btn-info btn-xs"><i class="fa fa-credit-card fa-fw"></i></button> <?php }else{ ?> BOG order ID <?php } ?></td>
                <td><?php echo $bog_order['bog_order_id']; ?></td>
               </tr> 
              <tr>
                <td><?php if(version_compare(VERSION, '2.1.0.1', '>=')) { ?><button data-toggle="tooltip" title="BOG order hash" class="btn btn-info btn-xs"><i class="fa fa-credit-card fa-fw"></i></button><?php }else{ ?>BOG order hash<?php } ?></td>
                <td><?php echo $bog_order['bog_hash']; ?></td>
               </tr> 
                 <?php } ?>]]></add>
		</operation>
    </file>	
</modification>